Titulo,AÃ±o,URL Cover
A+X (2012) #7,2012,http://gateway.marvel.com/v1/public/comics/43506
Age of Heroes (2010) #1,2010,http://gateway.marvel.com/v1/public/comics/30090
Age of Heroes (2010) #2,2010,http://gateway.marvel.com/v1/public/comics/33566
Age of Heroes (2010) #3,2010,http://gateway.marvel.com/v1/public/comics/30092
Age of Heroes (2010) #4,2010,http://gateway.marvel.com/v1/public/comics/30093
Alligator Loki (2023) #1,2023,http://gateway.marvel.com/v1/public/comics/112411
Alligator Loki Infinity Comic (2022) #1,2022,http://gateway.marvel.com/v1/public/comics/100083
Alligator Loki Infinity Comic (2022) #2,2022,http://gateway.marvel.com/v1/public/comics/100084
Alligator Loki Infinity Comic (2022) #4,2022,http://gateway.marvel.com/v1/public/comics/100086
Alpha: Big Time (2013) #4,2013,http://gateway.marvel.com/v1/public/comics/46852
Alpha Flight (1983) #1,1983,http://gateway.marvel.com/v1/public/comics/12637
Alpha Flight (1983) #61,1983,http://gateway.marvel.com/v1/public/comics/12725
Alpha Flight (1983) #127,1983,http://gateway.marvel.com/v1/public/comics/12668
The Amazing Spider-Man (1963) #339,1963,http://gateway.marvel.com/v1/public/comics/6748
Amazing Spider-Man Annual (1964) #3,1964,http://gateway.marvel.com/v1/public/comics/16904
Amazing Spider-Man Annual (1964) #16,1964,http://gateway.marvel.com/v1/public/comics/16890
AMAZING SPIDER-MAN VOL. 6: HAPPY BIRTHDAY TPB (Trade Paperback),N/A,http://gateway.marvel.com/v1/public/comics/1262
Art of Marvel Studios TPB Slipcase (Hardcover),N/A,http://gateway.marvel.com/v1/public/comics/39896
Astonishing Thor (2010) #1,2010,http://gateway.marvel.com/v1/public/comics/32769
Astonishing Thor (2010) #1 (FOILOGRAM VARIANT),2010,http://gateway.marvel.com/v1/public/comics/33652
"All-New, All-Different Avengers (2015) #10",2015,http://gateway.marvel.com/v1/public/comics/55363
"All-New, All-Different Avengers (2015) #11",2015,http://gateway.marvel.com/v1/public/comics/55364
"All-New, All-Different Avengers (2015) #12",2015,http://gateway.marvel.com/v1/public/comics/55365
"All-New, All-Different Avengers (2015) #15",2015,http://gateway.marvel.com/v1/public/comics/55368
"ALL-NEW, ALL-DIFFERENT AVENGERS HC (Trade Paperback)",N/A,http://gateway.marvel.com/v1/public/comics/60532
Avengers (2016) #1,2016,http://gateway.marvel.com/v1/public/comics/61373
Avengers (2016) #8,2016,http://gateway.marvel.com/v1/public/comics/61380
Avengers (2016) #9,2016,http://gateway.marvel.com/v1/public/comics/61381
Avengers (2016) #11,2016,http://gateway.marvel.com/v1/public/comics/61383
Avengers (2018) #56,2018,http://gateway.marvel.com/v1/public/comics/92200
Avengers: Standoff (Trade Paperback),N/A,http://gateway.marvel.com/v1/public/comics/64791
AVENGERS: UNLEASHED VOL. 2 - SECRET EMPIRE TPB (Trade Paperback),N/A,http://gateway.marvel.com/v1/public/comics/62110
Champions (2016) #15,2016,http://gateway.marvel.com/v1/public/comics/61456
CIVIL WAR II TPB (Trade Paperback),N/A,http://gateway.marvel.com/v1/public/comics/58678
Doctor Strange (2015) #18,2015,http://gateway.marvel.com/v1/public/comics/60968
DOCTOR STRANGE VOL. 4: MR. MISERY PREMIERE HC (Trade Paperback),N/A,http://gateway.marvel.com/v1/public/comics/62136
Generations (Trade Paperback),N/A,http://gateway.marvel.com/v1/public/comics/65119
Generations: The Unworthy Thor & The Mighty Thor (2017) #1,2017,http://gateway.marvel.com/v1/public/comics/63967
"Gwenpool, The Unbelievable Vol. 5: Lost In The Plot (Trade Paperback)",N/A,http://gateway.marvel.com/v1/public/comics/66775
Jane Foster & the Mighty Thor (2022) #1,2022,http://gateway.marvel.com/v1/public/comics/100378
Mighty Thor (2015) #22,2015,http://gateway.marvel.com/v1/public/comics/61017
The Ultimates Vol. 2: Homeland Security (Trade Paperback),N/A,http://gateway.marvel.com/v1/public/comics/1282
Ultimate Adventures (2002) #1,2002,http://gateway.marvel.com/v1/public/comics/18479
Ultimate Adventures (2002) #2,2002,http://gateway.marvel.com/v1/public/comics/18480
Ultimate Adventures (2002) #3,2002,http://gateway.marvel.com/v1/public/comics/18481
Ultimate Adventures (2002) #4,2002,http://gateway.marvel.com/v1/public/comics/18482
Ultimate Adventures (2002) #5,2002,http://gateway.marvel.com/v1/public/comics/18483
Ultimate Adventures (2002) #6,2002,http://gateway.marvel.com/v1/public/comics/160
Ultimate Adventures Vol. 1: One Tin Soldier (Trade Paperback),N/A,http://gateway.marvel.com/v1/public/comics/1934
Ultimate Adventures Vol. I (Trade Paperback),N/A,http://gateway.marvel.com/v1/public/comics/1204
Ultimate Avengers Vs. New Ultimates (2011) #2,2011,http://gateway.marvel.com/v1/public/comics/36129
Ultimate Avengers Vs. New Ultimates (2011) #2 (HITCH VARIANT),2011,http://gateway.marvel.com/v1/public/comics/38503
Ultimate Comics New Ultimates (2010) #1,2010,http://gateway.marvel.com/v1/public/comics/30600
Ultimate Comics Spider-Man (2009) #150,2009,http://gateway.marvel.com/v1/public/comics/37461
Ultimate Comics Spider-Man (2009) #150 (WRAPAROUND VARIANT),2009,http://gateway.marvel.com/v1/public/comics/37520
Ultimate Comics Spider-Man (2009) #151,2009,http://gateway.marvel.com/v1/public/comics/37460
Ultimate Comics Spider-Man (2009) #157,2009,http://gateway.marvel.com/v1/public/comics/37464
Ultimate Comics Thor (2010) #1,2010,http://gateway.marvel.com/v1/public/comics/33579
Ultimate Comics Thor (2010) #2,2010,http://gateway.marvel.com/v1/public/comics/33576
Ultimate Comics Thor (2010) #3,2010,http://gateway.marvel.com/v1/public/comics/33577
Avengers: The Initiative (2007) #5,2007,http://gateway.marvel.com/v1/public/comics/16162
Avengers: The Initiative (2007) #8,2007,http://gateway.marvel.com/v1/public/comics/17397
Avengers: The Initiative (2007) #9,2007,http://gateway.marvel.com/v1/public/comics/17638
Avengers: The Initiative (2007) #18,2007,http://gateway.marvel.com/v1/public/comics/22299
Avengers: The Initiative (2007) #21,2007,http://gateway.marvel.com/v1/public/comics/23112
Avengers: The Initiative (2007) #22,2007,http://gateway.marvel.com/v1/public/comics/23608
Avengers: The Initiative (2007) #23,2007,http://gateway.marvel.com/v1/public/comics/23968
Fear Itself: Youth in Revolt (2011) #1,2011,http://gateway.marvel.com/v1/public/comics/38447
Fear Itself: Youth in Revolt (2011) #2,2011,http://gateway.marvel.com/v1/public/comics/38445
Fear Itself: Youth in Revolt (2011) #4,2011,http://gateway.marvel.com/v1/public/comics/38448
Fear Itself: Youth in Revolt (2011) #5,2011,http://gateway.marvel.com/v1/public/comics/38444
Fear Itself: Youth in Revolt (2011) #6,2011,http://gateway.marvel.com/v1/public/comics/38446
Thor (1998) #22,1998,http://gateway.marvel.com/v1/public/comics/18645
Thor (1998) #24,1998,http://gateway.marvel.com/v1/public/comics/18647
Thor (1998) #25,1998,http://gateway.marvel.com/v1/public/comics/18648
Thor (1998) #33,1998,http://gateway.marvel.com/v1/public/comics/18657
